,polarity,tweet
0,0.0,RT TheoNicole Hey friends do you need a joyfully subversive coloring book by a queer indie creator Ive got you covered BN
1,-0.0625,RT PeterCoghlan1 I hope my experience will help other patients and encourage medical teams providing emergency care not to make assumptio
2,0.4333333333333333,RT paulcude Explosive exploits amp unexpected danger at every turn make for an actionpacked electrifying adventure as heroic magic w
3,0.0,RT HairyBikers On the 12th day of Christmas Amazon gave to youThe Hairy Bikers British Classics Ebook for only 99p Get stuck in
4,1.0,RT jenirwinauthor Without a doubt A Dress the Color of the Sky is the best debut novel I had ever had the privilege of reviewing 5 st
5,0.3333333333333333,RT HistoryInbooks They Laughed at Galileo How the Great Inventors Proved Their Critics Wrong by Albert Jack
6,0.35,RT PennDusko puts on tin foil hatNobody really asks why Amazon and Google allow sophisticated pieces of equipment of to be sold for s
7,0.1,thenaughtysquid Thanks for letting us know We want to look into this further for you So we can access the email
8,0.0,Amazon is in the house hhshawks03 today
9,0.0,RT JenniferEstep Ebooks deals books sales ad epicfantasy fantasybooksTHE RAGE OF DRAGONS by Evan Winter 299
10,0.25,RT EWPlayers Christmas is definitely here at EWP with SandraTsingLoh on our stage and then this lovely surprise from joeldelafuente and
11,0.1,A young man is feminized by his stepmother Futanari LPRTG SSRTG
12,0.0,Rihanna has a documentary on the way A source says that Amazon has paid 25M for the rights to a rihanna docume
13,0.0,Amazon Prime members can snag a Nintendo Switch Lite for 180 on WootWhile the holidays ca
14,0.0,RT THR Exclusive Sources say Amazon paid 25 million for the worldwide rights to a Peter Bergdirected doc about Rihanna
15,0.35,RT PennDusko puts on tin foil hatNobody really asks why Amazon and Google allow sophisticated pieces of equipment of to be sold for s
16,0.0,RT RihannaDaily RihannaPeter Berg Doc Lands Massive Payday From Amazon Exclusive via thr
17,0.0,RT BigWipes With 2 weeks to go til Christmas we may as well jump on the countdown bandwagon We have another Amazon Fire 7 8GB in gl
18,0.35,I try not to read reviews but this one made it all worth it Review on The Timekeepers Inn Available on Amazon i
19,0.0,RT Scarfolk Ha Dystopian book recommendations at AmazonThe Scarfolk Annual Discovering ScarfolkMinistry of Truth Biography of Geo
20,0.1,RT KenFry10 A mysterious man walking the earth for millenniaAnd a discovery we might not be ready for
21,-0.6,RT MusicClerk This is the condition from which my 8yearold son suffers Research into Noonans is underfunded and resources are stretch
22,0.0,HollyHH CarolynRuffles JoyRossDavis ravaghi Readerhal54 WittyMystic ryenlesli woodcowbooks
23,0.0,RT RihannaDaily RihannaPeter Berg Doc Lands Massive Payday From Amazon Exclusive via thr
24,0.4,RT diomedes66 1210 AVAILABLE NOW at Amazon paper book amp ebook kindle film camera available at photog
25,0.2,Im ready Rihanna is the reason why I even have a Amazon Prime account tbh Guava Island SAVAGEXFENTYSHOW now
26,0.0,A husbands is cuckolded at the neighborhood party by a horny futa
27,-0.12499999999999996,RT PeterCoghlan1 Thanks to my sister Vicky who kicked off big style on my behalf I finally got the attention I badly neededhttps
28,0.6000000000000001,RT freddywrites Teaching Words and How Words Work is out and available at Just in time to be a great holiday gi
29,0.35,RT PennDusko puts on tin foil hatNobody really asks why Amazon and Google allow sophisticated pieces of equipment of to be sold for s
30,0.0,RT judehastewrite Comedy Ebook InternationalMensDay InternationalMensDay2019 Thank you for your patie
31,0.4,RT aarondbrinker Its ThursdayMorning once again What are you planning to read this weekendSecondChances is free with KindleUnli
32,0.0,RT flowerhunni This lady leaves out drinks and snacks for delivery people during the festive period and I cant get over this amazon deli
33,0.12878787878787878,RT catturd2 Check out Ned Ryuns new book Ned was one of the first blue check marks to retweet and support me when I started Twitter
34,0.0,RT CNN Brazils president called Swedish climate change activist Greta Thunberg a brat after she condemned violence against indigenous
35,0.0,ALEXA THE FORCE WILL ALWAYS BE WITH YOU
36,0.325,JoyceRealest lrdbns Hi Amazon will give you a 200 gift card absolutely free So you can be the first person who
37,0.4,RT UmBongoUK Follow Retweet amp Reply for the chance to Win a 30 Amazon VoucherIts our final festive giveaway Treat yourself to some
38,-0.5,RT AimraIndia Today agitation at JANTAR MANTAR Delhi by state Leaders of AIMRA amp CAIT This agitation is against unfair and unlawful tr
39,0.125,RT PeterCoghlan1 In the first chapter of my book I describe the onset of the massive brain stem stroke that left me paralysedAt first
40,0.1,RT lennertlove NonaVanBraeckel RT jenforcesucks Was definitely a lot happier before I realized how much Jonathan Adler stuff was avai
41,0.5,RT KenFry10 I heard that LOVE and BLOOD has just been released Do get your copy and accompany Lady Aveline as she searches for her
42,0.19,rmazor vromans Raphael thank you so much for supporting local bookstores That is so awesome And uh sorry Am
43,0.0,RT FeFightsBack pulte Or buy children in shelter through CAWCChicago a Christmas gift
44,0.1,A feminized husband has a wild affair with his futawife Futanari LPRTG SSRTG
45,0.8,RT missmollysays2 What does your pet want in their stocking Enter for a chance to win a 10 Amazon GC or Paypal Cash in our Holly Jolly
46,-0.3,at least I have an answer and that explains the weirdness with the Amazon sites
47,0.0,RT AubreyWitch Hunter Slayer Destroyer Punisher
48,0.19583333333333333,RT tammy1999 Save up to 40 on a Dyson V6 Motorhead Cord Free Vacuum ad gtgtgtgt blackfriday amazondeal gift chr
49,0.78,RT MusicClerk Dont want to be presumptuous but if anybody is very kindly thinking of preordering my book through Amazon please could
50,0.0,Yes Ordering is open until 2 pm Friday and then we must get the list to Amazon so they can make checkin butte
51,0.0,RT PeterCoghlan1 WednesdayMotivation Recovering from Stroke or braininjury Unsure which way to goBattling to get your life back
52,0.1875,What better way to spend the dark of the year than sharing the light of stories May I present to you a collection
53,0.0,jimcramer in order to access amazon you either have to use microsoft or apple Ive never seen an amazon computer
54,0.15,A futacop frisks a naughty hooker while her sexy young partner watches Futanari LPRTG SSRTG
55,0.26785714285714285,You are grabbed right from the first page and taken for a thrill of a rollercoaster ride The characters are endea
56,0.0,RT SugaChartData InterludeWithLuv There are 2 versions of SUGAs Interlude on iTunes amp Amazon Digital iTunes
57,-0.07777777777777777,RT TraseEarth 70 of the Amazon fires were in estimated cattle buying zones despite the fact that this area covers far less than half o
58,0.0,See a virtual tour of my newest listing 1225 AMAZON DRIVE Poinciana FL
59,0.55,RT AwesomeRex Checkout my awesome book How to Spark Your Own Golden Age Tips for Success reviewed by award
60,0.4,RT diomedes66 1212 AVAILABLE NOW at Amazon paper book amp ebook kindle film camera available at photog
61,0.125,RT AdamCozens27 I didnt know Chris Cotton but it always hurts to lose another comic His first child is due in February Please consi
62,0.05,RT emmalthorley Since its nearly Christmas and everyone is sharing their wishlists I wanna get in on it Personal Wishlist
63,0.0,RT kayskay7 Minnesota Muslim Immigrants Take On Amazon Clarion ProjectYour employer makes the rules not the employee
64,0.225,RT judehastewrite ChildrenInRead Thanks Faye for supporting ChildrenInNeed my comedy book is in the post x charitytuesday
65,0.35,RT PennDusko puts on tin foil hatNobody really asks why Amazon and Google allow sophisticated pieces of equipment of to be sold for s
66,0.0,RT KatieMettner Visit my Amazon author page to find all my romancenovels RomanceReaders Romancebooks Rom
67,0.0,TeamGivingCom Here is my Amazon wishlist Would appreciate anything or cash to start payin
68,0.35,RT PennDusko puts on tin foil hatNobody really asks why Amazon and Google allow sophisticated pieces of equipment of to be sold for s
69,0.6,RT steviedunn Our author page is looking very snazzy Whos read these objectively wonderful tales
70,0.15000000000000002,LeRoyWhitman Wow thank you SO much I saw it on Facebook and shared it on my author page oh let me know if that
71,0.275,Are there any generous stoners out there who want to give this nice Jewish girl a Hanukkah present I would LOVE a
72,0.5,RT JimSteeleAuthor I folloback amp retweet indieauthors amp whatever else trips my trigger love to or write a book JimSteeleAutho
73,0.35,RT PennDusko puts on tin foil hatNobody really asks why Amazon and Google allow sophisticated pieces of equipment of to be sold for s
74,0.4,RT diomedes66 1212 AVAILABLE NOW at Amazon paper book amp ebook kindle film camera available at photog
75,0.0,RT barbiesway thursdayvibesMens magazines to online sexpornfiction story based on 8 womens inputresearch amp storytellingMarriage
76,0.35,RT PennDusko puts on tin foil hatNobody really asks why Amazon and Google allow sophisticated pieces of equipment of to be sold for s
77,-0.2,RT MysteryTomes DEADLY CODE Returning to her island roots Rhona becomes embroiled in a deadly conspiracy Crim
78,-0.35625,It might not always mean its forever BROKEN HEART STRINGS Book 4 The Imagination
79,-0.5,Amazon driver dropped my packages containing ALL of my Christmas gifts to the wrong address After investigating on
80,0.1660894660894661,RT amazonmusic Singersongwriter CamilaCabello walked us through the recording of her new single Easy off her upcoming album Romanc
81,0.45,DANCE LOUD amp PROUD Days are getting shorter Metals in the air Darkness tuned in amp awaits dance partners This
82,0.06818181818181818,RT AFP Blue Origin the space company owned by Amazon CEO Jeff Bezos launched the 12th crewless test of its New Shepard rocket pushing
83,-0.01666666666666667,RT JolyonMaugham Its not clear to me why were giving actually giving public assets to Amazon So Ive asked the EU to force Amazon
84,0.35,RT PennDusko puts on tin foil hatNobody really asks why Amazon and Google allow sophisticated pieces of equipment of to be sold for s
85,0.3,RT paulcude Shall I put you out of your misery before I put you out of your misery Nonstop dragontastic action in this gripping Yo
86,1.0,RT AuthorRAndrew Perfect for your ChristmasList3 ContemporaryRomance amp adultreads in 1On Kindle NookBook iBooks Kobo Scribd
87,1.0,The best Christmas gift for a Stern fan Leno fan or just a fan of entertainment A way funnier way to spend your
88,0.25,My father Gary Wallace has been working on publishing his first book for quite some time now He just completed a
89,0.45,Just wondering hows many Amazon Gift Cards I will get for Xmas The first person to gift me will receive a nice video from mistress sue x
90,0.75,RT stacyfmitchell Even people who build successful businesses selling on Amazon or Etsy are just a tweak of the algorithm away from losin
91,0.125,AmazonHelp So this does not help The only reason why I noticed it was delivered in the first place was because
92,0.0,RT WAngelsWings With Angels WingsWEBSITE TRAILER AMAZON
93,0.0,RT BookDuke BISHOPS WAR This is a thriller not to be matched for intensity and breathless excitementnot for the fainthearted https
94,0.0,RT JenniferEstep Ebooks deals books sales ad epicfantasy fantasybooksEMPIRE OF SAND by Tasha Suri 499
95,0.6375,Good day everybodyI am a successful freelancer I AM EXPERTS CREATIVE tshirts DESIGNER I am making trendy custo
96,0.2,Microsoft is pushing forward with JEDI recruiting despite Amazons legal fight
97,0.1660894660894661,RT amazonmusic Singersongwriter CamilaCabello walked us through the recording of her new single Easy off her upcoming album Romanc
98,0.2,Heres whats happening with JEDI as Amazon puts up a legal fight w jordannovet
99,0.2,RT CNBC Microsoft is pushing forward with JEDI recruiting despite Amazons legal fight
100,0.0,RT LaurieAHolbrook Still Out There by Laurie HolbrookSixteen years ago Mabel Peters was left to die Now shes back and determined to f
101,0.0,RT maryebrewer ThursdayThoughtsLooking for ChristmasGiftIdeasfor the reader in your life Check out shawndadarice1 3 books on Am
102,0.35,RT PennDusko puts on tin foil hatNobody really asks why Amazon and Google allow sophisticated pieces of equipment of to be sold for s
103,0.23333333333333336,RT TGIA50 We all have physical limitations but theres no ceiling to our mental limitationsOrder on Amazon or my website great Holida
104,0.0,Heres whats NOW PLAYING on click to listen Well Baby Please Dont Go by John Lennon And
105,0.35,Say Youre Mine by Christa Wick is a fourbook boxset of steamy amp sweet standalonesAVAILABLE NOWAMAZON
106,0.0,AmazonHelp Im still waiting for guaranteed delivery by 1126 ordered 1124 126 ordered 124 and 1210 order
107,0.0,RT TatianaSiegel27 BOOM Amazon strikes mega deal for RihannaPeter Berg doc Exclusive via thr
108,0.4,RT 21stClub Changing the Conversation Volume III is now available to buy on AmazonA collection of boardroom insights from the team at
109,0.16818181818181818,50 NEW AMAZON Gift Card Ships FREAKY FAST Guaranteed by Paypal w NO Worries 72 Watch Count AMAZON
110,0.0,RT bellwareio Integrating SonarCloud with AWS CodePipeline using AWS CodeBuild
111,0.4375,RT CNN This is sweet Watch this Amazon delivery driver do a happy dance after a homeowner left out some snacks and a nice note https
112,-0.1875,Now playing disco pop rock music np I Say A Little Prayer by The Radios on Buy song
113,0.0,nowplaying Open Your Heart by Europe Support the station and the artists by following liking and retweeting np
114,0.0,Download now
115,0.0,NowPlaying Bill March Christmas Time Is Here Tune In Buy It
116,0.0,RTAmazngDeals A novel about sports and life truer than nonfiction
117,0.4000000000000001,RT NHSMillion Did you knowMatt Hancock has given huge amounts of NHS data to Amazon who can exploit it however they chooseAnd hes
118,0.35,RT PennDusko puts on tin foil hatNobody really asks why Amazon and Google allow sophisticated pieces of equipment of to be sold for s
119,0.2,Today Only This Amazon HyperX QuadCast Mic Bundle Basically Throws in an 89 Keyboard for Free
120,0.35,RT PennDusko puts on tin foil hatNobody really asks why Amazon and Google allow sophisticated pieces of equipment of to be sold for s
121,0.0,TeamGivingCom My daughters Christmas list
122,0.0,RT inkkedbruja in which you Send to give your offerings Cashapp LuxDivine Venmo Divinelux amazon gift cards seamagicagmai
123,0.0,SNEAKY SQUIRREL A fourlegged thief was caught on camera stealing an Amazon package from in front of a door A w
124,0.1,RT PhotonBooks How far would you go to find the truth The Verticon File SBrianWeimer conspiracy thriller Amazon conspiracythe
125,0.0,RT ScotCCAN They are violating our human rights This should be criminalThis 17yearold Indigenous activist from the Ecuadorian
126,0.6,RT MaggieGilewicz HELP PLEASE I am looking for kind humans who are into spiritualityselfhelp ie Byron Katie Deepak Berns
127,0.6833333333333333,Naturalhealing books to empower you to achieve exceptional levels of health and happiness
128,0.13,RT AstroJessica In one small portion of a SpaceStation pass last week I was fortunate enough to capture stunning views of the entiret
129,-0.2857142857142857,ChrisJCav davidmweissman AOC Bro AOC has been wrong or has lied about every single thing she has ever been invol
130,-0.35,RT jtatkinson666 A story of revenge A compelling pageturner A terrifying journey into the heart of darknessAmongst DemonsEbook 1
131,0.0,Support somali creatorsThe Miracle Boy and the Somali Gangs A Graphic Novelby Farah M MohamedSomali edition
132,0.3333333333333333,Love turned on her once Can Jake convince her to take another shot at it MORE THAN THIS Christian KU
133,0.6833333333333333,Naturalhealing books to empower you to achieve exceptional levels of health and happiness
134,0.0,paulcmaxwell ntwrightonline Agreed paulcmaxwell This book won me over a couple months ago when I worked through
135,0.0,GUDoug The ending teases Amazon women on the moon
136,0.0,RT StickerTricker LETSSSS GOOOOO PREORDERED BABY
137,5.551115123125783e-17,The book made me feel as though I was taking a journey with the author through his experiences good ones bad one
138,0.04999999999999999,RT cherrymischivus Rosalind is a witch with a secret Her oneofakind wedding cakes are bewitched with a love potion What happens when
139,0.0,Pearl Bea Cannon at pbeacannonBouchers World trilogy Emergent Transformations EncountersSciFi
140,0.0,RT TeamOfRihanna Amazon has landed worldwide rights to the Peter Bergdirected doc about Rihanna Sources say Amazon paid 25 million
141,0.0,RT SaraCarterDC America is on the verge of another Civil War Socialism is on the rise FreeSpeech is under assault People of Faith a
142,0.41111111111111115,The perfect holiday gift Thirty less than Amazon and available if ordered from publisher
143,0.0,RT MSFTIssues Lines of code run our digital world But what happens when they become weaponized BradSmi and Ca
144,0.0,TESTIMONIAL lt VivianZabel gt Every cover Aidana WillowRaven creates makes a book stand out The cover for my novel
145,0.0,RT THR Exclusive Sources say Amazon paid 25 million for the worldwide rights to a Peter Bergdirected doc about Rihanna
146,0.0714285714285714,RT StevenHandel Goals arent just about motivation but patience People want to see big wins right away but progress is often slow a
147,0.1875,STORM ISLAND A KATE POMEROY MYSTERYAn intense and intriguing puzzlea thrilling and suspenseful mystery nov
148,0.0,RT ThePopHub Amazon has landed worldwide rights to a Peter Berg directed documentary about Rihanna Sources say Amazon paid 25 MILLION f
149,0.0,TechnologyNS has reported on an alltime low of public trust in Google Amazon Facebook and Apple GAFA E
150,0.5,Police Det Colin and sassy PI Emily are magic togetherStart this series with THE SCENT OF LIESBook 1 of 7 of
151,0.35,RT PennDusko puts on tin foil hatNobody really asks why Amazon and Google allow sophisticated pieces of equipment of to be sold for s
152,0.0,landofthe80 I just bought the dvd of this movie a couple months ago from Amazon
153,0.7,Joe Jonas Attends Amazon Prime Videoamp8217s Chasing Happiness Premiere with Sophie Turner in Los Angeles 060320
154,0.3041666666666667,a clean sweet Christian love story CATCH ME IF YOU CAN christianromance asmsg mustread KDP
155,0.04999999999999999,Deputies Amazon driver kept 890 worth of packages after marking them as missing
156,0.41428571428571426,5 Stars Kelly Morans latest is intensely and profoundly entertaining Puppy Love is a charming heartfelt sexy
157,0.55,RT PhotonBooks An amazing adventurous journey Amazon reader Reviewbookboost mustread conspiracy conspiracyth
158,0.6833333333333333,Naturalhealing books to empower you to achieve exceptional levels of health and happiness
159,0.0,RT slpnggiants And like everything that has to do with amazon they will try to sweep this under the rug
160,0.26666666666666666,RT 1GirlRevo CHALLENGE You may have seen photos like this floating around social media and WE LOVE THIS USPS FedEx UPS
161,0.13636363636363635,New Apple AirPods with Charging Case for 144 shipped at Amazon 15 off
162,0.0,RT azayon3 gpwren Using data analytics to predict injuries in the NFL GB704 Analytics NFL
163,0.35,Say Youre Mine by Christa Wick is a fourbook boxset of steamy amp sweet standalonesAVAILABLE NOWAMAZON
164,0.4583333333333333,RT tracklistOST The Marvelous Mrs Maisel Season 3 Soundtrack by Various Artists Amazon Original SeriesMrsMaisel soundtrack ost htt
165,0.0,RT MartiniWeeni So I just got this pepper spray on Amazon that has a window breaker at the bottom If youre alone in an Uber this could
166,0.0,The Librarians Coven by Kathryn MoonComplete series paranormalromance reverseharem amreading amreadingromance
167,0.3,You Will Smile When Delilah Smiles
168,0.8,Read Within My Heart Joy
169,-0.125,RT CMSaunders81 Have an amazon wishlist for your kids for Christmas Drop them here Maybe if we all help each other that is that ma
170,0.7,TheOlivesMount StayDancingDave thiahera JulianThePoet defcee Indiebound is a good amazon alternative Also you
171,-0.17083333333333334,RT StephaniePMcKea 5Star He kissed her so passionately that her legs lost their strength and she leaned against his hard muscular body
172,0.0,CELEBRATING MAMA BEARS BRAVERY during the holidays and foreverMama Bears struggle is the struggle of eve
173,0.0,Read You will experience adventure romance humor and dramaEmerald Wells Caf
174,1.0,TURTLES for the holidaysStephanie Lisa Taras Turtle Book is the magnificent 120page scientific sequel to he
175,0.0,RT ThePopHub Amazon has landed worldwide rights to a Peter Berg directed documentary about Rihanna Sources say Amazon paid 25 MILLION f
176,0.7000000000000001,Holidays are a perfect time to change your life and become a sea turtle activistA gripping story deftly tol
177,0.0,COLORFORACAUSE for the holidaysTwin of the worldwide bestseller invites kids to color baby turtle as he fol
178,0.0,Brazils Amazon rainforest and development at a crossroads
179,0.35,RT PennDusko puts on tin foil hatNobody really asks why Amazon and Google allow sophisticated pieces of equipment of to be sold for s
180,0.0,Find highlyrated eBooks in the Nonfiction category in the Genre Jungle Amazon shop bktwtr
181,0.15625,NOTHING BETTER THAN THE GIFT OF A BOOK FOR THE HOLIDAYSjust ask little library mouse he knowsEven when you
182,0.5,RT MoGalore NewRelease via Kindle amp PaperbackShares a proven method that creates more selflove greater selfesteem and better relat
183,0.0,Read the highlyrated eBook Of Blood and Bone Chronicles of The One Book 2 by Nora Roberts
184,0.0,Read the highlyrated eBook boxset for Bourbon Springs Volume 1 by Jennifer Bramseth
185,0.4454545454545455,RT hypedrop Hype Christmas You can win a brand new iPhone 11 Pro Amazon Gift Cards or HypeDrop credits for free Join our giveaway
186,0.16666666666666666,Cleverly designed to look like a childrens book a lifechanging snuggle tome for adults for the holidaysI re
187,0.0,Read the highlyrated eBook Unbound Deathlord Challenge by Edward Castle LitRPGeBooks
188,0.13636363636363635,Stream Wars Priyanka Chopra and Nick Jonas have teamed up with Amazon Studios to produce a new reality show about
189,0.45,AmazonHelp Amazon says i get 2 free games with my purchase After many calls and the run around Ive hit a br
190,0.0,There is Nothing to Writing Typewriter Keychainwriting keychain motivation amazonsponsored
191,0.9,RepMattGaetz realDonaldTrump BEST PRESIDENT EVERBoxer Trump supportersMake Christmas Great Again
192,0.3666666666666667,RT YourQueenNikki My love for animal crackers is slightly ridiculous but I LOVE them And Im out So One of you make me happy w
193,0.0,Teachers parents communities This book series is changing family systems five four
194,0.7,RT PoetTrandahl This holiday season consider getting your loved ones poetry collections by Nicholas Trandahlbravery
195,-0.275,Young women are going missing and only he knows the terrifying truthSebKirby EACH DAY I WAKE US
196,0.0,RT THR Exclusive Sources say Amazon paid 25 million for the worldwide rights to a Peter Bergdirected doc about Rihanna
197,0.0,RT JudyandKeith Give the gift of reading this holiday seasonFor ages 512Bedtime Stories Wicked Witch Returns amp the Wicked Witch amp
198,0.0,RT FentyStats THRAmazon has landed worldwide rights to a Peter Bergdirected doc about Rihanna Sources say Amazon paid 25 million f
199,0.125,RT EdwardLorn All of my work is back up on Amazon until the first of the year and then everything will be removed If you want any of my
200,-0.06666666666666667,RT ActuallyAlethea Final few days at the low price of 199 AwardWinning OrphanTrain HistoricalFiction https
201,0.0,RT RihannaDaily RihannaPeter Berg Doc Lands Massive Payday From Amazon Exclusive via thr
202,0.0,RT ThePopHub Amazon has landed worldwide rights to a Peter Berg directed documentary about Rihanna Sources say Amazon paid 25 MILLION f
203,0.5,A masterful dialogue between two opposite souls that found their way to togetherness Lehner has written a dance o
204,0.0,RT mjrocissono Beyond the Wicked Willow Chronicles of a Teenage Witchslayer BookCon19
205,0.43333333333333335,RT CompositePrime WIN A 50 amazon voucher To enter make sure youre following us amp tag a friend who loves their garden in the
206,1.0,mikerich2323 best price I have found
207,0.21384615384615385,RT DBCarterAuthor A lovely review for The Wild Roses The emotions were so raw and real the love so contagious I couldnt pu
208,0.0,JeffBezos Please someone help I keep replying to Amazonhelp and calling but no one can help me Amazon lost my ac
209,0.5,My ability to work in an amazon vm from now hurts more than anything
210,0.2,CMSaunders81 thank you so much for helping me fulfill my girls Christmas wishlist No item
211,0.35,RT PennDusko puts on tin foil hatNobody really asks why Amazon and Google allow sophisticated pieces of equipment of to be sold for s
212,0.75,RT USATODAYmoney This Thursday jump on the best Amazon deals on robot vacuums Anker speakers and more
213,0.3053571428571429,RT WriterChristi This book dives right in from the very first page BookReview romance KindleUnlimited
214,0.0,RT mallore1 I got the Amazon Ambassador position for Troy University
215,0.35,RT PennDusko puts on tin foil hatNobody really asks why Amazon and Google allow sophisticated pieces of equipment of to be sold for s
216,0.5,RT AuthorMBTosi In the 1700s a soldier plots against a wealthy spinster in the Revolutionary War Histfic
217,0.0,RT TeamOfRihanna Amazon has landed worldwide rights to the Peter Bergdirected doc about Rihanna Sources say Amazon paid 25 million
218,0.0,If you go to it takes you to Amazon
219,0.0,RT AnnaVanZee URGENT Comment by the 17th Trump moves to open a pristine national forest to loggers using discredited disinfo as a just
220,0.0,RT TeamOfRihanna Amazon has landed worldwide rights to the Peter Bergdirected doc about Rihanna Sources say Amazon paid 25 million
221,0.0,RT chloins everyone hear about alaines amazon echo
222,0.0,RT SugaChartData InterludeWithLuv There are 2 versions of SUGAs Interlude on iTunes amp Amazon Digital iTunes
223,0.0,dnainsurance SamsungUK Huawei amazon Twitter Facebook Fab prize PinkHanK
224,0.0,RT StephaniePMcKea Visit Texas Scotland amp the Nevada desert no airline tickets needed just you and your kindle 22 books to choose f
225,0.35,RT PennDusko puts on tin foil hatNobody really asks why Amazon and Google allow sophisticated pieces of equipment of to be sold for s
226,0.0,RT NiallOfficial PutALittleLoveOnMe is the Song of the Day Cheers amazonmusic
227,0.0,RT WriterChristi Two collections Heat with heart Shortstories novellas novels Kindle Unlimited
228,0.0,RT RAFMUSEUM This Christmas when you shop AmazonSmile Amazon will make a donation to Royal Air Force Museum S
229,0.23333333333333336,mikeduerksen amazon I dont see humor in this But hey to each there own I am glad no one got hurt or worse hit ny a car
230,0.012500000000000011,RT abelfrageauthor RT It is hot amp steamy It is suspenseful and addictiveA Darkromance spanning 3 000 years of love loss and painful
231,0.0,RT RebeccaH2020 They are violating our human rights This should be criminalThis 17yearold Indigenous activist from the Ecuador
232,0.0,TeamGivingCom 7amp8 Female Christmas 2019 Wish ListList total 16715 Two daughters ages 6amp8 on 25 December 8 yo
233,0.35,RT PennDusko puts on tin foil hatNobody really asks why Amazon and Google allow sophisticated pieces of equipment of to be sold for s
234,0.2,RT paigexoxobts TeamGivingCom If anyone can help me out please I would much appreciate it any blessings will do x
235,0.35,RT PennDusko puts on tin foil hatNobody really asks why Amazon and Google allow sophisticated pieces of equipment of to be sold for s
236,0.0,CMSaunders81 Makeup and such is for my son not me
237,0.0,RT THR Exclusive Sources say Amazon paid 25 million for the worldwide rights to a Peter Bergdirected doc about Rihanna
238,0.35,RT PennDusko puts on tin foil hatNobody really asks why Amazon and Google allow sophisticated pieces of equipment of to be sold for s
239,0.35,RT PennDusko puts on tin foil hatNobody really asks why Amazon and Google allow sophisticated pieces of equipment of to be sold for s
240,0.0,Did you know that you can request that Amazon use the USPS and not UPS to deliver your packages
241,-0.03333333333333335,RT SusanneLeist Lets get awayto a place we can staywhere the sun shines all dayand vampires love to playTHE DEAD GAME Book One
242,0.6,Meeting to discuss a climate that their own Governments allow to be destroyed by their Countries Corporations who a
243,0.0,RT THR Exclusive Sources say Amazon paid 25 million for the worldwide rights to a Peter Bergdirected doc about Rihanna
244,0.6666666666666666,RT verypc CHRISTMAS COMPETITIONTo get into the festive spirit were giving an awesome prize to one lucky winner For your chance to
245,0.30000000000000004,RT slavem2slutty Christmas is fast approachingMissCourtneyM has filled Her wishlist of what She would like this year What gift wi
246,0.08,RT egwade01 mustread After being cleared in the death of a high school shooter the walls cave in on Det Jackson thriller Her next cas
247,0.0,RT GrouciDjamila JeffBezosamazon Stop Selling Torturous Wildlife Traps Leg hold traps spring traps conibear traps all traps ar
248,0.35,RT juliecordiner Remember your own professional development in 2020 can be done by cosying up in a chair with these books Please share
249,0.13636363636363635,RT FontsInParadise FONTS IN PARADISE SIGNS OF MIDCENTURY HAWAII photographs by Mark Jonathan Davis New 96page hardcover book featu
250,0.0,RT SaraCarterDC America is on the verge of another Civil War Socialism is on the rise FreeSpeech is under assault People of Faith a
251,-0.1,RT SusanneLeist Our journey has reached a bitter endWe must gather each and every friendFight for our town we mustBefore the town g
252,0.21666666666666667,RT TudorTweep The past will not surrender its grasp on Queen Catherine HowardNo More Time to Dance199 or Free Kindleunlimited
253,0.0,Teresa Buchanan gathered collection Nonbelievers
254,0.55,RT DianaJFebry If you enjoy a good mystery give this one a try Mystery Crime
255,0.8,RT TBIJ Great work on Amazon deforestation this year by AndrewWasley Andre Campos alexandraheal all the As bibivanderzee amp domp
256,0.0,RT SugaChartData InterludeWithLuv There are 2 versions of SUGAs Interlude on iTunes amp Amazon Digital iTunes
257,1.0,bingtoolbar these removable cups r perfect amp shoulda known CK
258,0.0,RT THR Exclusive Sources say Amazon paid 25 million for the worldwide rights to a Peter Bergdirected doc about Rihanna
259,0.3,RT TwitManager FionaRobyn has once again taken myth and legend and blended it into an exciting page turner The mystery will keep the
260,0.25,RT jenirwinauthor To think that this is the first novel that Jennifer has written Blows my mind 5 stars BookReview
261,0.0,RT TatianaSiegel27 BOOM Amazon strikes mega deal for RihannaPeter Berg doc Exclusive via thr
262,0.25,RT stepford115 It is so wellwritten that it satisfies the reader in every way The first thing that caught my attention when I starte
263,0.0,RT EMPosts USMCA Winners US farmers Internet companies American companies Donald Trump Trudeau
264,0.0,RT RebeccaH2020 They are violating our human rights This should be criminalThis 17yearold Indigenous activist from the Ecuador
265,0.6,RT libbykinsey Jetlag resulted in me finishing The Ethical Algorithm by mkearnsupenn Aaroth at 430am this morning It was excellent a
266,0.23750000000000002,RT PennilessScribe Sometimes its the little things that scare us the most Jitters is FREE on Kindle Unlim
267,0.35,RT PennDusko puts on tin foil hatNobody really asks why Amazon and Google allow sophisticated pieces of equipment of to be sold for s
268,0.0,RT TheoNicole Hey friends do you need a joyfully subversive coloring book by a queer indie creator Ive got you covered BN
269,-0.5333333333333333,A tourist town of parties and funTurns evil with the setting sunTHE DEAD GAME
270,0.0,RT drunktweetn Im trying to beat last years donation haul if you can help please check out the wishlist or RT For children in need
271,-0.08333333333333333,Ring Video Doorbell 2 is somehow back to its Black Friday price
272,0.0,RT RihannaDaily RihannaPeter Berg Doc Lands Massive Payday From Amazon Exclusive via thr
273,0.0,RT morganhousel For years I got my brother a 100 Amazon gift card for Christmas and he got me a 100 Amazon gift card for Christmas unti
274,-0.15,RT AaronGritsch A man tries to discover why he is haunted by the strange shadowy figures in the night before its too late
275,0.8,AmazonHelp hi I have just ordered an amazon alexa and date for delivery was January 1215th which I was happy wit
276,0.0,RT doenutt Also Amazon paid 25 MILLION US DOLLARS for rihannas documentaryI repeat 25 million
277,0.5,RT amazonIN Order home your favorite makeup products from top brands at the WardrobeRefreshSale
278,0.35,RT PennDusko puts on tin foil hatNobody really asks why Amazon and Google allow sophisticated pieces of equipment of to be sold for s
279,0.0,RT MartiniWeeni So I just got this pepper spray on Amazon that has a window breaker at the bottom If youre alone in an Uber this could
280,0.9,RepLeeZeldin realDonaldTrump BEST PRESIDENT EVERBoxer Trump supportersMake Christmas Great Again
281,0.35,RT PennDusko puts on tin foil hatNobody really asks why Amazon and Google allow sophisticated pieces of equipment of to be sold for s
282,0.16,RT masonmalonecom A coming of age storyFour high school friends and a songwriter contestLA is another world Hollywood celebritie
283,0.0,RT sylvainreynard Thank you for your support of GabrielsInfernoMovie And your support of GabrielsPromise which releases january 7th
284,0.35,RT MiamiBikeLawyer If more of downtown Miami looked like this Amazon HQ2 wouldve come here Thanks for coming to my TED Talk https
285,0.15000000000000002,RT sethhettena Wow I guess people didnt really grasp the extent of Donald Trumps underworld connections My book explains how Trump
286,0.48333333333333334,RT LizzieChantree As always the main characters fizz and entrance with underdogs and divas harassed hunks and devilishly attractive b
287,0.85,ladygaga hauslabs amazon Hello hay you so beautiful you have friends a like to be you friends osiris duquela
288,0.06818181818181818,RT TudorTweep New Release Sails on the horizonElizabeth Tudor and England are about to face the wrath of the Spanish ArmadaInv
289,0.2,Ring Video Doorbell 2 Get An Amazon Echo Show 5 Only 129 Free Shipping
290,0.05555555555555556,RT drewhenry Amazon is positioning its latest Arm based offerings as serious competitors on par with the big guys for some of the toug
291,0.325,lenasituations Hi Amazon will give you a 200 gift card absolutely free So you can be the first person who can g
292,-0.16666666666666666,RT ZOMBIEWASHOTGUN Dont forget to watch ZOMBIE WITH A SHOTGUN on amazon Not your typical zombie film Go watch
293,0.35,RT PennDusko puts on tin foil hatNobody really asks why Amazon and Google allow sophisticated pieces of equipment of to be sold for s
294,0.0,WHY do ALL my amazon packages come when my husband is home
295,0.0,FLASH SALEGet your kindle copy of Dreaming of Fire for just 99 cents readers fantasyfans
296,-0.05555555555555555,RT NeilPort2 At last Amazon has repriced my permafree book back to 000 a slight delay but thank you Amazon
297,0.12878787878787878,RT catturd2 Check out Ned Ryuns new book Ned was one of the first blue check marks to retweet and support me when I started Twitter
298,0.5,Fasten your seatbelts for an incredible ride Sassing Saul has Uproarious humor action shapeshifting aliens a se
299,0.0,Truly a gag gift
300,-0.09999999999999998,RT FrancisRay Can her love amp seduction burn away the painful desert memoriesLove Are You Listening by ReneeLukeNovels
301,0.3,FionaRobyn has once again taken myth and legend and blended it into an exciting page turner The mystery will ke
302,0.0,RT RebeccaH2020 They are violating our human rights This should be criminalThis 17yearold Indigenous activist from the Ecuador
303,0.15000000000000002,RT sethhettena Wow I guess people didnt really grasp the extent of Donald Trumps underworld connections My book explains how Trump
304,0.2,Whos responsible for falls killer vintage FALL S KILLER VINTAGE aburke59
305,0.0,cctala purchase the Divide of God and Himself vs The Divide of Mankind and Himself Being a woman who loves to he
306,0.0,RT mattnathanson FRIENDS stop what youre doing amp say AlexaPlay christmas songs by matt nathanson aka yours truly on AmazonMusic
307,0.1,RTReadersFaves FIX THE ROADS A retired accountant wants to be the next Lenny Bruce ebooks amreading
308,0.16666666666666666,RTAmazngEbooks Everything from Vodou Priests to Catholic Monks Discover the Deeply Personal and Exotic Memoir fro
309,0.0,So I go on amazon to prepare to return the one I bought and what do ya know I can take it to Kohls and theyll s
310,-0.125,RT SHOUTmyBook Get it now This connectivity supports communication productivity and other types of flow that have a personality and te
311,0.0,Whos building Amazon Prime for Flights lowest price guarantee 100 refund swap flights at no additional co
312,0.0,RT BigWipes With 2 weeks to go til Christmas we may as well jump on the countdown bandwagon We have another Amazon Fire 7 8GB in gl
313,0.1,RT DigiParentCoach Screen Balance Inspiration book offers ageappropriate ideas on how to put the theory into practice for young childr
314,0.0,RT ThePopHub Amazon has landed worldwide rights to a Peter Berg directed documentary about Rihanna Sources say Amazon paid 25 MILLION f
315,0.35,RT PennDusko puts on tin foil hatNobody really asks why Amazon and Google allow sophisticated pieces of equipment of to be sold for s
316,0.9,JimPressOffice realDonaldTrump BEST PRESIDENT EVERBoxer Trump supportersMake Christmas Great Aga
317,0.5,on tiorradio3 Better Man by Erica Drive ericadriveband via sanpruk on Buy this song
318,0.0,RT FentyStats THRAmazon has landed worldwide rights to a Peter Bergdirected doc about Rihanna Sources say Amazon paid 25 million f
319,0.43333333333333335,RT CompositePrime WIN A 50 amazon voucher To enter make sure youre following us amp tag a friend who loves their garden in the
320,0.0,The issue you can allows that CentOS technologies on Mac Propository and for bean files for into the file to deve
321,0.4666666666666666,RT AwsNonprofits At the reInvent Hackathon for Good teams pitched real world solutions The winning team designed a solution for vibra
322,-0.625,RT VashtiQV Visit my Amazon Author Page and check out my booksThe Fall of LilithSon of the SerpentMemoir of a Mad Woman
323,-0.004761904761904782,RT WarderXAesSedai PelleCreepy Yeah but theres still a few diamonds in the rough For instance you can stream Redline on Amazon right
324,0.0,RT SugaChartData InterludeWithLuv There are 2 versions of SUGAs Interlude on iTunes amp Amazon Digital iTunes
325,0.0,RT TeamOfRihanna Amazon has landed worldwide rights to the Peter Bergdirected doc about Rihanna Sources say Amazon paid 25 million
326,0.35,RT PennDusko puts on tin foil hatNobody really asks why Amazon and Google allow sophisticated pieces of equipment of to be sold for s
327,0.35,RT PennDusko puts on tin foil hatNobody really asks why Amazon and Google allow sophisticated pieces of equipment of to be sold for s
328,0.13636363636363635,RT jordannovet new with WillFOIA even as AWS challenges the Pentagons decision to give JEDI to Microsoft Microsoft is looking to get
329,0.0,RT RihannaDaily RihannaPeter Berg Doc Lands Massive Payday From Amazon Exclusive via thr
330,0.0,RT BCopperthwait BE PREPARED TO BE PUT THROUGH THE EMOTIONAL RINGER NO HESITATION IN GIVING THIS BOOK 5 STARS dmmaguire391
331,0.20208333333333334,RT vbenchley Curious See why readers say Good books R hard 2 find Thank U for many hours of enjoyment vbenchley Grab them both for
332,0.35,RT PennDusko puts on tin foil hatNobody really asks why Amazon and Google allow sophisticated pieces of equipment of to be sold for s
333,0.51,Its a great feel good story with Action Adventure Snark Humor and Hot Romance erotic syfi humor
334,0.35,RT PennDusko puts on tin foil hatNobody really asks why Amazon and Google allow sophisticated pieces of equipment of to be sold for s
335,-0.25,RicardoMedina Google Amazon Flex Ill be making 6001000 bucks a week doing that plus I have my daily job
336,0.2,RT CNBC Microsoft is pushing forward with JEDI recruiting despite Amazons legal fight
337,0.16666666666666666,RT danielkemp6 FREE UNTIL DEC 13thMurder Mystery SuspenseLife is capricious enough without wild assumptions having a say in the mak
338,0.45,RT SHOUTmyBook Great Story Powerful and gripping It tells the story of a boy who wants to follow in his fathers footsteps but then st
339,0.4,RT UmBongoUK Follow Retweet amp Reply for the chance to Win a 30 Amazon VoucherIts our final festive giveaway Treat yourself to some
340,0.33333333333333337,KINDLE UNLIMITED or ONLY 199First love is seldom as easy as everyone makes it sound US
341,-0.19444444444444445,RT judehastewrite readingforpleasure comedy ebooks courage TuesdayMotivation Are you tough enough MMA
342,0.0,RT morganhousel For years I got my brother a 100 Amazon gift card for Christmas and he got me a 100 Amazon gift card for Christmas unti
343,0.35,RT PennDusko puts on tin foil hatNobody really asks why Amazon and Google allow sophisticated pieces of equipment of to be sold for s
344,-0.6,UPS is fucking up my 2day prime deliveryamazon Already two orders delayed Can I choose my delivery carrie
345,0.0,TeamGivingCom my Amazon Christmas Wishlist for my 2 grandsons Only 6 items
346,0.0,RT THR Exclusive Sources say Amazon paid 25 million for the worldwide rights to a Peter Bergdirected doc about Rihanna
347,0.6000000000000001,RT dnainsurance WE ARE GIVING AWAY AMAZING PRIZES FROM SamsungUK Huawei amp amazon TO BE ENTERED INTO THE XMAS PRIZE DRAW FOLLOW US
348,0.0,RT vinestreetsanm OneClick this MustRead Vine Street by Michael SanchezThe story is set in South Jersey and it takes place in the su
349,0.0,RT NiallOfficial PutALittleLoveOnMe is the Song of the Day Cheers amazonmusic
350,0.0,RT SugaChartData InterludeWithLuv There are 2 versions of SUGAs Interlude on iTunes amp Amazon Digital iTunes
351,0.0,stephenRB4 Check out Emma Reillys Secret AdmirerThis 5 read is now available on
352,0.65,Enter To Win A 75 Amazon ECard To Help You Make Magic For The Holidays with CdnTurkey TurkeyTraditions
353,0.25,Women Mens 3D Funny Printed Hoodies Ramen Noodle Pullovers Front Pocket Draws via amazon prosperdiva
354,0.4666666666666667,stopped into Target to buy a reusable bag so I could more easily carry my Amazon package on the train and Im hopi
355,0.1375,RT billiebee69 PAYMENT METHODS you have NO excuse to be in my DMs without tributing first My tribute methods are Cashapp
356,0.25,Hey 935KDAY Great interview with Mayor Brown but she should really do her Christmas shopping locally in small Com
357,0.20208333333333334,RT vbenchley Curious See why readers say Good books R hard 2 find Thank U for many hours of enjoyment vbenchley Grab them both for
358,0.3833333333333333,RT adventurewmike Great for Christmas The entire actionpacked fourbook series For the full impact start with book one postapocaly
359,0.5,Precious Metals Investing for Dummies GLD DUST NUGT GVZ GDX GC GOLD SLV SLW PSLV
360,0.0,RihannaPeter Berg Doc Lands Massive Payday From Amazon Exclusive via thr
361,0.0,RT Valor2S 50 Amazon Gift Card GiveawayWinner Picked In 24 hoursHow To Enter Retweet amp Like Must be following RrawTv StamX
362,0.3,An epic story of love and survival born from the rubble of Warsaw as the Nazis invade Poland in 1939 Check this ou
363,0.1,RT mscecire Look what came in the mail ReEnchanted is real Official release date is next Tues Dec 17 you can order at the press ht
364,0.1,RT SHAQ Thanks to amazon were Delivering Smiles to kids across the country this week let me know how youre giving back this season
365,0.35,RT PennDusko puts on tin foil hatNobody really asks why Amazon and Google allow sophisticated pieces of equipment of to be sold for s
366,-0.01666666666666667,RT JolyonMaugham Its not clear to me why were giving actually giving public assets to Amazon So Ive asked the EU to force Amazon
367,0.15625,Check Out Tasty Tips And A Turkey Taco Party Cups Recipe To Help You Make A Little Magic This Holiday Season
368,0.0,RT RihannaDaily RihannaPeter Berg Doc Lands Massive Payday From Amazon Exclusive via thr
369,0.8,my best friend gave me this rose bracelet and im shaking
370,0.15000000000000002,RT SHOUTmyBook 5 Stars Cowboy is never for the faint of heart The innocent is an amazing emotional read that deals with todays issue
371,0.5,RT YourQueenNikki To all My non cucks Start My Christmas shopping now I LOVE gifts amp surprisesTis the se
372,0.0,RT PatMcDermott Every Days a Holiday When Youre a Pirate5Action amp Adventure on the Bounding MainPrint amp eB
373,0.7,Good analysis here from ZDNetAmazon Redshift turns AQUA via ZDNet amp TonyBaer
374,0.35,RT PennDusko puts on tin foil hatNobody really asks why Amazon and Google allow sophisticated pieces of equipment of to be sold for s
375,0.5,RT LollyDaskal Stop worrying about what you dont have and start enjoying wha you do haveLollyDaskal TheLea
376,0.9,realDonaldTrump JimPressOffice BEST PRESIDENT EVERBoxer Trump supportersMake Christmas Great Aga
377,0.1660894660894661,RT amazonmusic Singersongwriter CamilaCabello walked us through the recording of her new single Easy off her upcoming album Romanc
378,-0.5,naima Recommend this book for the boy that likes to prepare fake Thanksgiving in his kitchen
379,0.0,RT FentyStats THRAmazon has landed worldwide rights to a Peter Bergdirected doc about Rihanna Sources say Amazon paid 25 million f
380,0.0,RT Onlyrockradio tiorradio3 Do It by We Three Kings wethreekings on Buy this song
381,0.0625,Debbie Lambert completed quest Major Hoodwinking
382,0.0,KDEdwardsNC julieczerneda I just canceled my Amazon preorder and placed an order with my local bookshop
383,0.3666666666666667,RT piketoni1 On the first day of ChristmasMy true love sent to meDESOLATION BLUFFAnd a partridge in a pear tree
384,0.4,RT UmBongoUK Follow Retweet amp Reply for the chance to Win a 30 Amazon VoucherIts our final festive giveaway Treat yourself to some
385,0.3833333333333333,RT adventurewmike Great for Christmas The entire actionpacked fourbook series For the full impact start with book one postapocaly
386,0.35,RT PennDusko puts on tin foil hatNobody really asks why Amazon and Google allow sophisticated pieces of equipment of to be sold for s
387,0.5,RT MotorCheckUK Many predicted that the internet would create routes to market that would cut out the need for the dealer altogether
388,-0.18181818181818182,NEW AUDIO RELEASE The Fake by RebeccaJenshak is now out in audioJason Clarke and Ava Erickson narrate Gra
389,0.5,Recently discovered this author Impressed
390,0.45,RT cyallowitz Escape reality amp dive into a world of magic monsters amp vampirefueled mayhemWAR OF NYTEFALL RIVALRY AVAILABLE ON AM
391,0.35,RT PennDusko puts on tin foil hatNobody really asks why Amazon and Google allow sophisticated pieces of equipment of to be sold for s
392,0.525,RT adventurewmike First in the fourbook Aftershock Series A great gift for the readers on your Christmas list
393,0.06818181818181818,RT TheWho British band The WHO return with their brand new studio album WHO Support them and get the album today for just 699 on Ama
394,-0.1,If you quit PMO youll build a mental strength by resisting temptation and urgesFrom FapFree Revolution
395,0.0,Christmas gifts for romance lovers in your family written by me
396,0.0,The Sun Gods Heir Return Book OneHEY LADIEShistorical fiction with romance intrigue
397,0.3,Tell This Sushi Chef How to Do His Job Humor Trendy Unisex Short Sleeve TSh via amazon
398,0.5166666666666667,How to Prepare for that Perfect Job With Added Emphasis on Business Economics Finance Management and Social Med
399,1.0,RT jenirwinauthor Without a doubt A Dress the Color of the Sky is the best debut novel I had ever had the privilege of reviewing 5 st
400,0.35,RT PennDusko puts on tin foil hatNobody really asks why Amazon and Google allow sophisticated pieces of equipment of to be sold for s
401,0.35,RT PennDusko puts on tin foil hatNobody really asks why Amazon and Google allow sophisticated pieces of equipment of to be sold for s
402,0.0,RT cwhich This is my President
403,0.43333333333333335,THEY HAVE RETURNED NOW THE GALAXY WILL BURNMy good friend Christian Kallias is offering readers an amazing deal
404,0.0,RT RebeccaH2020 They are violating our human rights This should be criminalThis 17yearold Indigenous activist from the Ecuador
405,0.16,Grow Your Income Position Yourself as an Expert Dominate Your Industry Attract High Value Clients
406,0.13214285714285715,RT SethAbramson Im not watching the cockamamie Senate hearing on the Inspector General report largely because I wrote a book called PROO
407,0.1660894660894661,RT amazonmusic Singersongwriter CamilaCabello walked us through the recording of her new single Easy off her upcoming album Romanc
408,0.35,RT PennDusko puts on tin foil hatNobody really asks why Amazon and Google allow sophisticated pieces of equipment of to be sold for s
409,0.35,RT PennDusko puts on tin foil hatNobody really asks why Amazon and Google allow sophisticated pieces of equipment of to be sold for s
410,0.19999999999999998,RT SHOUTmyBook Good Read Fogs Edge is embattled in a fight for its future Opposing sides bring bitter family battles to the table Pe
411,0.35,RT PennDusko puts on tin foil hatNobody really asks why Amazon and Google allow sophisticated pieces of equipment of to be sold for s
412,-0.01666666666666667,RT JolyonMaugham Its not clear to me why were giving actually giving public assets to Amazon So Ive asked the EU to force Amazon
413,0.13636363636363635,RT FontsInParadise FONTS IN PARADISE SIGNS OF MIDCENTURY HAWAII photographs by Mark Jonathan Davis New 96page hardcover book featu
414,0.35,RT PennDusko puts on tin foil hatNobody really asks why Amazon and Google allow sophisticated pieces of equipment of to be sold for s
415,-0.04999999999999999,RT LonelyOakRadio Currently Playing Star Crystal starcrystalband Dont give up at Lonely Oak radio Shop now at
416,0.18333333333333335,UK Backlash as Amazon Eyesup 24 Billion Pharmacy Market Following Controversial Data Deal with British Governmen
417,-0.08333333333333333,RT VergeDeals Several gaming laptops with Nvidia RTX graphics are cheaper than usual at Amazon Starting with Asuss TUF gaming laptop i
418,0.0,RT billboard Roco Guerrero has been named amazonmusics firstever global head of Latin music
419,0.3,RT paulcude Shall I put you out of your misery before I put you out of your misery Nonstop dragontastic action in this gripping Yo
420,0.0,Amazon has landed worldwide rights to the Peter Bergdirected doc about Rihanna Sources say Amazon paid 25 mil
421,-0.1,RT runwayrih the way I was against the idea of rihs documentary being on amazon when we talked about it a few months ago but now Im her
422,0.2,sifuu10 I get the whole making the laptop thinner aspect But theres compromise in design I also have these litt
423,0.0,RT FentyStats RihannaPeter Berg Doc Lands Massive Payday From Amazon Exclusive
424,0.25,Women Mens 3D Funny Printed Hoodies Ramen Noodle Pullovers Front Pocket Draws via amazon prosperdiva clout
425,-0.5,RT cwhawes Do tales of eerie haunted houses allure you Antara Roy Os antaraoruganti set of spooky tales is just what you need f
426,-0.20897435897435904,Just saw this on Amazon DEARCASE Womens Long Sleeve Casual Loose TShir by DEARCASE
427,0.1660894660894661,RT amazonmusic Singersongwriter CamilaCabello walked us through the recording of her new single Easy off her upcoming album Romanc
428,-0.4,RT RobertRaker1 I admired his stamina and persistence but I couldnt understand what was behind the intensity and determination he moved
429,-0.016666666666666666,RT flexe Transportation and fulfillment have come a long way in the last 20 years and our CTO David Glick has been a key player in this
430,0.0,The Atom A Visual Tour The MIT Press
431,0.5,RT APjoshgoodman Stunning pics by LeoCorrea for AP look at deforestation in the Brazilian Amazon DLBiller
432,0.0,RT RedactedTonight While the US media attacks Venezuela Bolivia amp IranThe Colombian government is murdering activistsThe Brazilian g
433,0.5,many believed in his name when they saw the miracles which he did
434,0.06818181818181818,RT lilithreyxo Looking for a new subbyRequirements Tribute 25 Minimum 100 Weekly Tribute Daily conversations2 sessions per
435,0.033333333333333326,Ghreyfoxx amazon This was all done internally through Amazons own shipping is the sad part
436,0.4,RT gryking Go find a real job to buy your own stuff from Amazon
437,-0.0045454545454545565,New DealSony Extra Bass Portable BluetReduced from 60 to 33Deals newDeals
438,-0.05185185185185185,BrokenGamezHDR Ill knock that tall bitch down I love my Amazon Warriors
439,-0.18181818181818182,NEW AUDIO RELEASE The Fake by RebeccaJenshak is now out in audioJason Clarke and Ava Erickson narrate Gra
440,0.2,RT CNBC Microsoft is pushing forward with JEDI recruiting despite Amazons legal fight
441,0.35,RT universalsci Cool wall art AmazonAfflink
442,0.0,RT SugaChartData InterludeWithLuv There are 2 versions of SUGAs Interlude on iTunes amp Amazon Digital iTunes
443,0.0,RT RebeccaH2020 They are violating our human rights This should be criminalThis 17yearold Indigenous activist from the Ecuador
444,0.0,RTAmazngReads CUTTERS WIDOW Check it out
445,0.0,Amandaparish191 Amanda Its never our intention to miss any quoted delivery date Please let us take a closer lo
446,0.0,RTAmazngEbooks Why was a drug that saved lives pulled for being racist health ebook
447,0.0,RTyourbookzone GETTING TO KNOW YOUR CHILDS BRAIN Uptodate info about your childs brain
448,0.8,CheyMillz What type of man doesnt feel like taking on an Amazon Im all for it Lol
449,0.0,TeamGivingCom anything helps thank you
450,0.0,RTAmazngStories As a samesex couple sets out on the adventure of a lifetimeto adopt sons from southeast Asial
451,0.0,souravsorout2 We regret the inconvenience You can check the correspondence sent to your registered email address
452,-0.07500000000000001,steamy Brenda love Larry and he loves her Will a dark secret from her past change that
453,0.8,LOL Surprise Hairgoals in stock at Amazon for 949 Get The Tracker App TheTrackerApp
454,0.8,LOL Surprise Hairgoals is in stock at Amazon for 949 Get The Tracker App TheTrackerApp
455,0.1660894660894661,RT amazonmusic Singersongwriter CamilaCabello walked us through the recording of her new single Easy off her upcoming album Romanc
456,-0.39999999999999997,Last year I drove three hours to get my nephew one of the stupid Ryans World mystery egg things for Christmas Thi
457,0.4333333333333333,RT soulsavingradio Now Playing Be Strong by ladyvon777 Artist send music to soulsavingradiogmailcom Buy song
458,0.0,RT RihannaNepal This is not a drillAmazon paid 25 million for the worldwide rights to a Peter Bergdirected documentary about Rihann
459,0.2,RudyHavenstein Been reading The Systems Bible and theres just so much in that book that applies to both Boeing an
460,1.0,RT JimMFelton A friend just sent me this absolutely perfect placement of my book in Waterstones
461,0.0,Autosegmenting objects when performing semantic segmentation labeling with Amazon SageMaker Ground Truth AWS Mac
462,0.0,books FreeSpeech IndeSelfDisclosure Being BiGender and My Journey by Clinton Rusthoven via amazon
463,0.25,RT shadowconn The First Five Drafts Prevent OverEditing and Get Your Novel Done Faster with the Five Draft MethodThis is the nofluff
464,0.125,RT AdamCozens27 I didnt know Chris Cotton but it always hurts to lose another comic His first child is due in February Please consi
465,0.0,RTAmazngReads A trove of history amp must read for history buffs insightful inviting
466,0.8,RTAmazngEbooks Buy the book get the FIZZ Leaders welcome
467,0.16,RT masonmalonecom A coming of age storyFour high school friends and a songwriter contestLA is another world Hollywood celebritie
468,0.5,RT Werner Today I am pleased to announce the launch of AWS reStart in Amsterdam This program prepares unemployed and underemployed indi
469,0.15000000000000002,RT sethhettena Wow I guess people didnt really grasp the extent of Donald Trumps underworld connections My book explains how Trump
470,0.1660894660894661,RT amazonmusic Singersongwriter CamilaCabello walked us through the recording of her new single Easy off her upcoming album Romanc
471,0.0,TODAY ONLY Get AsaMariaBradleys Viking Warrior Rebel for just 199Amazon BampN
472,0.35,RT PennDusko puts on tin foil hatNobody really asks why Amazon and Google allow sophisticated pieces of equipment of to be sold for s
473,0.0,RT AndrewWasley AMAZON ON FIRE what weve learnt from a year investigating Brazils big beef industry tbij
474,0.0,RT RihannaDaily RihannaPeter Berg Doc Lands Massive Payday From Amazon Exclusive via thr
475,0.8,Now Playing On Triumphant Radio Theres No One Like You by La by 10 Great I Am listen at
476,-0.09375,RT MJLaBeff Add a little mystery to your Thursday with the Psychological Thriller MIND GAMES Follow the evidence trail with Sparrow t
477,1.0,RT JimMFelton A friend just sent me this absolutely perfect placement of my book in Waterstones
478,-1.0,LuxieGames I have chronic migraines They are awful I use an iceheat mask from amazon that helps And then peppe
479,0.3340909090909091,RT EricWilderOK Author Eric Wilders 8book French Quarter Mystery Series set in that Exotic erotic Mecca known as New Orleans Yo
480,0.12878787878787878,RT catturd2 Check out Ned Ryuns new book Ned was one of the first blue check marks to retweet and support me when I started Twitter
481,0.0,RT BigWipes With 2 weeks to go til Christmas we may as well jump on the countdown bandwagon We have another Amazon Fire 7 8GB in gl
482,0.04318181818181818,Some say vampires came to America through New Orleans Many believe they are still there New Orleans Dangerous A
483,0.25,RT FentyStats THRBergs Rihanna project was shopped to multiple distributors with streamers making the most aggressive overtures En
484,0.0,RT SugaChartData InterludeWithLuv There are 2 versions of SUGAs Interlude on iTunes amp Amazon Digital iTunes
485,0.0,RT jameshampson7 A transAtlantic Romance blossoms between James Shaw and Delinda Saint Germain in Seville Spain One Last Time availabl
486,0.15,Dear schools and libraries How many lgbtq affirming and inclusive ChildrensBooks do you carry These are a few
487,0.45,RT moralesej Dreaded Tales A Short Horror Story Collection is the ideal StockingStuffer for HorrorFans Treat yourself family amp
488,0.13636363636363635,RT TheInStockRoom New DealSony Audio at AmazonNew price up to 56 offDeals newDeals savings
489,0.2777777777777778,RT grannynorbag Hello my loveliesmy books make a super stocking fillers for children young and oldTheyre available on Amazon but
490,0.0,RT NefertitiAustin Amazon has selected Motherhood So White as a Kindle Monthly Deal which means that the price of the ebookaudio boo
491,0.0,sheridanwebb joefattorini WineShowTV Weve still to get series 3 out to the world Which will be spring next ye
492,0.35,RT PennDusko puts on tin foil hatNobody really asks why Amazon and Google allow sophisticated pieces of equipment of to be sold for s
493,0.35,RT PennDusko puts on tin foil hatNobody really asks why Amazon and Google allow sophisticated pieces of equipment of to be sold for s
494,0.0,RT AnnaVanZee URGENT Comment by the 17th Trump moves to open a pristine national forest to loggers using discredited disinfo as a just
495,0.0,RT RihannaDaily RihannaPeter Berg Doc Lands Massive Payday From Amazon Exclusive via thr
496,0.35,RT PennDusko puts on tin foil hatNobody really asks why Amazon and Google allow sophisticated pieces of equipment of to be sold for s
497,0.8,Oh ya proud of my one book review on the UK amazon bookworm SciFiBooks readers NadirtoZenith
498,0.0,RT BTSVUNION 29th amp 30th December Purchase Singularity amp Stigma on iTunes Amazon Music amp Google Play
499,0.0,RT MartiniWeeni Heres the link its like 10 Guard Dog Security Harm N Hammer Pepper Spray amp Emergency Escape Hammer Self Defense Spr
500,0.55,Happy to attend and host the Hour of Code at Amazon CAG10 Customer service site Coding is Fun
501,0.7,RT LollyDaskal Happiness comes easier when you stop complaining and you start being grateful for all the problems you dont have Loll
502,0.43333333333333335,RT OMAMoney Win 250 of amazon vouchers 1 Retweet this tweet2 Tell us your top Christmas present if money was no object3 Cro
503,0.0,RT SparrowCove Grappling for his freedom from a fallen demonkiller Vijeren finds himself linked to a family war between monsters and de
504,0.0,RT Publisherperish Is there anything you wouldnt sacrifice for loveThe 7th Wife of Henry the 8th Tudor
505,0.06818181818181818,Constantly checking my Amazon app while waiting for my new PC to come in Hopefully it works when it arrivesAnd
506,0.3181818181818182,The new series of HistoryVikings is on amazon Not gonna lie I flailed in the most unvikinglike way
507,-0.4,Amazon proposes a home robot that asks you questions when its confused via VentureBeat
508,-0.08333333333333333,We present Ami Leigh amileighmusic Black Dog at Listen also on
509,0.8,Win a 500 Amazon gift card from PublicMobile in DailyHiveTOs annual DH12Days RT to enter
510,0.35,RT PennDusko puts on tin foil hatNobody really asks why Amazon and Google allow sophisticated pieces of equipment of to be sold for s
511,0.8,Send in your Railbookers and Amtrak Vacations bookings before the end of the day tomorrow for a chance to win multi
512,0.0,RT FentyStats THRAmazon has landed worldwide rights to a Peter Bergdirected doc about Rihanna Sources say Amazon paid 25 million f
513,0.125,debashreead Maybe people would react differently if Amazon hiked up the price of items first and then gave a sale
514,0.35,RT PennDusko puts on tin foil hatNobody really asks why Amazon and Google allow sophisticated pieces of equipment of to be sold for s
515,-0.16666666666666666,Analyst estimates Amazon is already delivering nearly half of its US packages CNBC
516,-0.10833333333333334,About American Heroes CollectionProtectors Guardians Alpha to the extreme Everyday heroes unite in this specia
517,0.21818181818181817,Book 2 of Christmas with the Sullivan Brothers is now live Check out Ryans fun and steamy story in Stranded
518,-0.25,AmazonHelp Woops I meant to say Amazon Music sorry I use Amazon Music to listen to digital purchases from Amazon
519,0.0,A recent customer service experience with Amazon left a Post Falls reader wondering if Amazon is getting too big
520,0.3333333333333333,RT WAngelsWings Daisy Bold amp BeautifulAmazon Website Trailer
521,0.13636363636363635,itsjustine Well it was a newly released omnibus edition Im assuming it has them all
522,0.13636363636363635,RT agarcia6510 NEW RELEASEJasper Kincaid Security amp Investigations 4christmasromance securityromance militaryromance Kin
523,0.0,RT MartiniWeeni So I just got this pepper spray on Amazon that has a window breaker at the bottom If youre alone in an Uber this could
524,0.25,RT DougJCooper I enjoyed the different take on time travelBUMP TIME ORIGINTimetravel Suspense by the author of Crystal Decepti
525,0.0,RT danielkemp6 The Widows SonIt makes George Orwells novel 1984 read as though its a supplement to WinniethePoohMurder Mystery
526,-0.07692307692307693,Now Amazon wil reply that we dont check with quality from sellers But you people should buy and loose your money
527,0.0,they believed the scripture and the word which Jesus had said
528,0.35,RT PennDusko puts on tin foil hatNobody really asks why Amazon and Google allow sophisticated pieces of equipment of to be sold for s
529,0.0,RT lanalynneauthor The Adventures of Bo Jack NewRelease ChildhoodMemories HistoricalFiction mustread FGMNau
530,0.35,RT PennDusko puts on tin foil hatNobody really asks why Amazon and Google allow sophisticated pieces of equipment of to be sold for s
531,0.0,Give the gift of RetroHardball Retrospective 1599799Amateur DraftPlayer DevelopmentFranchise Re
532,0.0,RT MartiniWeeni So I just got this pepper spray on Amazon that has a window breaker at the bottom If youre alone in an Uber this could
533,0.11818181818181818,BlueHarvestPod Hawes Did you see the new feature Go to and type in TheRiseOfSkwalker in the search bar Wow
534,0.45,RT CAASBREY Her writing is fantastic the characters never disappoint Murder mystery sexual tension Se
535,0.0,Also Amazon paid 25 MILLION US DOLLARS for rihannas documentaryI repeat 25 million
536,0.0,RT FentyStats RihannaPeter Berg Doc Lands Massive Payday From Amazon Exclusive
537,0.0,RT LollyDaskal Positivity always pays off in simplifying outcomesLollyDaskal TheLeadershipGap Book Leaders
538,0.0,ohthatsVICKY Thank u bby Theyre called Veleasha 25mm lashes I got them from Amazon
539,0.0,LOVEGuyanaWe hope to help thank you bitcoin 1896UwURka9J4MCbSdwfMc1pynArfWYXUf amazoncom Wish List
540,0.08124999999999999,RT AndreaCoventry Cadi broke my heart a little bit Read an excerpt and my full bookreview of SONG OF SUGAR SANDS by DebColemanJeter w
541,-0.4,RT mozilla Another example of Amazon Rings poor privacy and security practices They continue to have a poor track record for securin
542,0.8,RT PJournalismNews BOOK Photojournalist Ara Gulers Amazing Life Story If you havent read his breathtaking biography yet dont miss
543,0.0,RT THR Exclusive Sources say Amazon paid 25 million for the worldwide rights to a Peter Bergdirected doc about Rihanna
544,0.13636363636363635,FONTS IN PARADISE SIGNS OF MIDCENTURY HAWAII photographs by Mark Jonathan Davis New 96page hardcover book fe
545,0.3340909090909091,Checkout Rex Apollos new Book How to Spark Your Own Golden Age Tips for Success
546,0.2875,RT goodbuysalltime At Good Buys All the Time we understand not finding the time to shop due to work family traveling etc We offer Has
547,0.0,RT idahocafe A year after Cork wept about the closing of Liam Ruisal bookstore today I watched our postman struggle with the weight of
548,0.043181818181818175,RT jgmacleodauthor The year is 1846Lady Ellen is a new mother in a strange country thats as unsure of its identity as she isShes d
549,0.0,RT DesdemonaWren Do you like lesbians Do you like toll tree girlfriends Read BloomGet a sneak peek here
550,0.4454545454545455,RT hypedrop Hype Christmas You can win a brand new iPhone 11 Pro Amazon Gift Cards or HypeDrop credits for free Join our giveaway
551,0.5666666666666667,RT SDCorpOfficial ContestAlert Participate in the contest amp 3 lucky winners will get a chance to win Amazon EchoRulesAnswer correc
552,0.15,RT KenRoth In the latest Amazon outrage in Brazil two indigenous leaders have been shot dead and two others wounded Their tribe is know
553,0.24545454545454545,RT ZebrasUnite 20 Big Ideas that will change your world in 202013 A new kind of startup founder will emerge Zebra foundershttps
554,1.0,RT CSMcDonald7 Its the best part of Christmastime Relaxing with the tree lights on a cup of Joe and a heart warming Christmas sto
555,0.06818181818181818,RT AWSPartners Dive deep on the new APN program launches amp updates announced at AWS reInvent 2019
556,0.29583333333333334,If you have Amazon Prime Video Go Watch Last Black Man In San Francisco ASAP The most beautiful looking film Ive
557,0.0,RT KhemeticChurch We are for the people by the peopleSupport the Nationbabascompounds teanatasha Asim
558,0.15833333333333333,Rlott22 AOC She might be able to get a job with Amazon in her old district Oh wait theyre not coming due to h
559,0.13636363636363635,new with WillFOIA even as AWS challenges the Pentagons decision to give JEDI to Microsoft Microsoft is looking
560,0.5,RT APjoshgoodman Stunning pics by LeoCorrea for AP look at deforestation in the Brazilian Amazon DLBiller
561,0.25,RT FentyStats THRBergs Rihanna project was shopped to multiple distributors with streamers making the most aggressive overtures En
562,0.13333333333333336,Bowers amp Wilkins PX Active Noise Cancelling Wireless Headphones Bestinclass Sound Space Grey29800 WAS 399
563,0.0,When I printed it showed 600 pages as print cycle 400 pages variation Definitely it is the case of used cartrid
564,-0.19999999999999998,RT MJLaBeff Its with gratitude Im honored amp humbled to share Last Falls Hunted book 2 of the Last Cold Case series is the 2019 Ameri
565,0.37878787878787884,Journey through a brave new world straight into a dragonriding trollfighting adventure for the ages
566,0.35,Amazon Prime is the true Santa Claus
567,0.35,RT PennDusko puts on tin foil hatNobody really asks why Amazon and Google allow sophisticated pieces of equipment of to be sold for s
568,-0.03333333333333333,RT yvrshoots Our eras Handmaids TaleAmazon series adaption of female scifi ThePower expected to film in Vancouver next Spring via
569,0.0,MustWeed A serial tech entrepreneur is trying to create an Amazonlike plat
570,0.0,RT CSMcDonald7 Yikes Tatum is a total bridezilla until she drinks her Guess whos suspect 1her maid of honorFiona TASTES LIKE
571,0.0,I stopped by opbtol yesterday to chat w DaveMillerOPB about injury rates at Amazons Troutdale warehouse Heres
572,0.35,RT PennDusko puts on tin foil hatNobody really asks why Amazon and Google allow sophisticated pieces of equipment of to be sold for s
573,-0.01666666666666667,RT JolyonMaugham Its not clear to me why were giving actually giving public assets to Amazon So Ive asked the EU to force Amazon
574,-0.19374999999999998,RT KatyCharts Amazon Music Songs16 katyperry Cozy Little Christmas 1 Peak 1KatyWins10s
575,0.0,40 OFF with code 40PAC1Z5 Ships Prime 360 Pcs Christmas Gift Tags Stickers Self Adhe
576,0.35,RT PennDusko puts on tin foil hatNobody really asks why Amazon and Google allow sophisticated pieces of equipment of to be sold for s
577,0.0,RT AllStarGiving TeamGivingCom Check out my Help the Homeless list
578,0.0,Everyone needs to contact Amazon and demand they not support this crap against our great President I already infor
579,0.009090909090909087,Ive been slipping on supporting my friends work But no more I start a new job Monday and can afford books again
580,0.35,RT PennDusko puts on tin foil hatNobody really asks why Amazon and Google allow sophisticated pieces of equipment of to be sold for s
581,0.5681818181818181,Mariah Carey Says Shes Always Wanted Christmas to Be Perfect in New Amazon Doc Watch
582,0.35,RT PennDusko puts on tin foil hatNobody really asks why Amazon and Google allow sophisticated pieces of equipment of to be sold for s
583,0.0,RT RedmonsBooks Christmas Recipes Holiday Recipe Book To Write In Independently publishedChristmas recipes giftideas holidaygifts
584,0.1660894660894661,RT amazonmusic Singersongwriter CamilaCabello walked us through the recording of her new single Easy off her upcoming album Romanc
585,0.0,RT MSFTIssues Lines of code run our digital world But what happens when they become weaponized BradSmi and CarolAnnBrowne explain
586,0.5,RT LollyDaskal Stop worrying about what you dont have and start enjoying wha you do haveLollyDaskal TheLea
587,0.3333333333333333,RT czbinance This book was published before the bitcoin whitepaper Its a really good read I wouldnt be surprised if the real Satoshi
588,0.0,RT FentyStats THRAmazon has landed worldwide rights to a Peter Bergdirected doc about Rihanna Sources say Amazon paid 25 million f
589,0.0,RT mallore1 I got the Amazon Ambassador position for Troy University
590,0.0,RT MartiniWeeni So I just got this pepper spray on Amazon that has a window breaker at the bottom If youre alone in an Uber this could
591,-1.0,smalltownandrew pnr9 Coyote urine Amazon sells it Just dont accidentally spill it Nasty stuff
592,0.0,RT NiallOfficial PutALittleLoveOnMe is the Song of the Day Cheers amazonmusic
593,0.0,RT dbongino Solid material here Restoring Our Republic The Making of the Republic and How We Reclai
594,0.0,EScharmaine Our sincerest apologies for your frustration You can find out about refund times with this link LK
595,0.05,amazonIN I have bought a printer on 9th December 2019 Barely I took print of 200 pages and the toner ink has got
596,0.55,RT BetteAStevens If you loved PD Eastmans incomparable book Are You My Mother about a baby birds search for its mother you must
597,-0.14642857142857144,RT TimothyHammer He stood on the other end of the room with his arms at his sides His eyes were cold and expressionless but his right
598,0.0,RT ThePopHub Amazon has landed worldwide rights to a Peter Berg directed documentary about Rihanna Sources say Amazon paid 25 MILLION f
599,0.1,RT AnnJonesBooks NaNoWriMo paperback cleanread suspense Missing in paperback is now available on Amazon Ebo
